{"cameraMode":{"drawMode":0,"name":"Shaded","section":"Shading Mode"},"sceneLighting":true,"audioPlay":false,"sceneViewState":{"m_AlwaysRefresh":false,"showFog":true,"showSkybox":true,"showFlares":true,"showImageEffects":true,"showParticleSystems":true,"showVisualEffectGraphs":true,"m_FxEnabled":true},"in2DMode":false,"pivot":{"x":-392.8433837890625,"y":95.88189697265625,"z":29.019878387451173},"rotation":{"x":0.33157259225845339,"y":0.18924297392368318,"z":-0.06807896494865418,"w":0.9217482209205627},"size":109.37767791748047,"orthographic":false}